{"frames": {

"beet/beet.png":
{
	"frame": {"x":1,"y":478,"w":15,"h":15},
	"rotated": false,
	"trimmed": false,
	"spriteSourceSize": {"x":0,"y":0,"w":15,"h":15},
	"sourceSize": {"w":15,"h":15}
},
"beet/stage0/beet_stage_0.png":
{
	"frame": {"x":55,"y":216,"w":9,"h":8},
	"rotated": true,
	"trimmed": false,
	"spriteSourceSize": {"x":0,"y":0,"w":9,"h":8},
	"sourceSize": {"w":9,"h":8}
},
"beet/stage0/beet_stage_0_dead.png":
{
	"frame": {"x":55,"y":216,"w":9,"h":8},
	"rotated": true,
	"trimmed": false,
	"spriteSourceSize": {"x":0,"y":0,"w":9,"h":8},
	"sourceSize": {"w":9,"h":8}
},
"beet/stage0/needs_water/beet_stage_0_needs_water_stage_0.png":
{
	"frame": {"x":55,"y":216,"w":9,"h":8},
	"rotated": true,
	"trimmed": false,
	"spriteSourceSize": {"x":0,"y":0,"w":9,"h":8},
	"sourceSize": {"w":9,"h":8}
},
"beet/stage0/needs_water/beet_stage_0_needs_water_stage_1.png":
{
	"frame": {"x":55,"y":216,"w":9,"h":8},
	"rotated": true,
	"trimmed": false,
	"spriteSourceSize": {"x":0,"y":0,"w":9,"h":8},
	"sourceSize": {"w":9,"h":8}
},
"beet/stage0/needs_water/beet_stage_0_needs_water_stage_2.png":
{
	"frame": {"x":55,"y":216,"w":9,"h":8},
	"rotated": true,
	"trimmed": false,
	"spriteSourceSize": {"x":0,"y":0,"w":9,"h":8},
	"sourceSize": {"w":9,"h":8}
},
"beet/stage1/beet_stage_1.png":
{
	"frame": {"x":14,"y":529,"w":9,"h":9},
	"rotated": false,
	"trimmed": false,
	"spriteSourceSize": {"x":0,"y":0,"w":9,"h":9},
	"sourceSize": {"w":9,"h":9}
},
"beet/stage1/beet_stage_1_dead.png":
{
	"frame": {"x":14,"y":529,"w":9,"h":9},
	"rotated": false,
	"trimmed": false,
	"spriteSourceSize": {"x":0,"y":0,"w":9,"h":9},
	"sourceSize": {"w":9,"h":9}
},
"beet/stage1/needs_water/beet_stage_1_needs_water_stage_0.png":
{
	"frame": {"x":14,"y":529,"w":9,"h":9},
	"rotated": false,
	"trimmed": false,
	"spriteSourceSize": {"x":0,"y":0,"w":9,"h":9},
	"sourceSize": {"w":9,"h":9}
},
"beet/stage1/needs_water/beet_stage_1_needs_water_stage_1.png":
{
	"frame": {"x":14,"y":529,"w":9,"h":9},
	"rotated": false,
	"trimmed": false,
	"spriteSourceSize": {"x":0,"y":0,"w":9,"h":9},
	"sourceSize": {"w":9,"h":9}
},
"beet/stage1/needs_water/beet_stage_1_needs_water_stage_2.png":
{
	"frame": {"x":14,"y":529,"w":9,"h":9},
	"rotated": false,
	"trimmed": false,
	"spriteSourceSize": {"x":0,"y":0,"w":9,"h":9},
	"sourceSize": {"w":9,"h":9}
},
"beet/stage2/beet_stage_2.png":
{
	"frame": {"x":1,"y":529,"w":9,"h":11},
	"rotated": true,
	"trimmed": false,
	"spriteSourceSize": {"x":0,"y":0,"w":9,"h":11},
	"sourceSize": {"w":9,"h":11}
},
"beet/stage2/beet_stage_2_dead.png":
{
	"frame": {"x":1,"y":529,"w":9,"h":11},
	"rotated": true,
	"trimmed": false,
	"spriteSourceSize": {"x":0,"y":0,"w":9,"h":11},
	"sourceSize": {"w":9,"h":11}
},
"beet/stage2/needs_water/beet_stage_2_needs_water_stage_0.png":
{
	"frame": {"x":1,"y":529,"w":9,"h":11},
	"rotated": true,
	"trimmed": false,
	"spriteSourceSize": {"x":0,"y":0,"w":9,"h":11},
	"sourceSize": {"w":9,"h":11}
},
"beet/stage2/needs_water/beet_stage_2_needs_water_stage_1.png":
{
	"frame": {"x":1,"y":529,"w":9,"h":11},
	"rotated": true,
	"trimmed": false,
	"spriteSourceSize": {"x":0,"y":0,"w":9,"h":11},
	"sourceSize": {"w":9,"h":11}
},
"beet/stage2/needs_water/beet_stage_2_needs_water_stage_2.png":
{
	"frame": {"x":1,"y":529,"w":9,"h":11},
	"rotated": true,
	"trimmed": false,
	"spriteSourceSize": {"x":0,"y":0,"w":9,"h":11},
	"sourceSize": {"w":9,"h":11}
},
"beet/stage3/beet_stage_3.png":
{
	"frame": {"x":37,"y":474,"w":15,"h":14},
	"rotated": false,
	"trimmed": false,
	"spriteSourceSize": {"x":0,"y":0,"w":15,"h":14},
	"sourceSize": {"w":15,"h":14}
},
"beet/stage3/beet_stage_3_dead.png":
{
	"frame": {"x":37,"y":474,"w":15,"h":14},
	"rotated": false,
	"trimmed": false,
	"spriteSourceSize": {"x":0,"y":0,"w":15,"h":14},
	"sourceSize": {"w":15,"h":14}
},
"beet/stage3/needs_water/beet_stage_3_needs_water_stage_0.png":
{
	"frame": {"x":37,"y":474,"w":15,"h":14},
	"rotated": false,
	"trimmed": false,
	"spriteSourceSize": {"x":0,"y":0,"w":15,"h":14},
	"sourceSize": {"w":15,"h":14}
},
"beet/stage3/needs_water/beet_stage_3_needs_water_stage_1.png":
{
	"frame": {"x":37,"y":474,"w":15,"h":14},
	"rotated": false,
	"trimmed": false,
	"spriteSourceSize": {"x":0,"y":0,"w":15,"h":14},
	"sourceSize": {"w":15,"h":14}
},
"beet/stage3/needs_water/beet_stage_3_needs_water_stage_2.png":
{
	"frame": {"x":37,"y":474,"w":15,"h":14},
	"rotated": false,
	"trimmed": false,
	"spriteSourceSize": {"x":0,"y":0,"w":15,"h":14},
	"sourceSize": {"w":15,"h":14}
},
"carrot/carrot.png":
{
	"frame": {"x":43,"y":456,"w":16,"h":16},
	"rotated": false,
	"trimmed": false,
	"spriteSourceSize": {"x":0,"y":0,"w":16,"h":16},
	"sourceSize": {"w":16,"h":16}
},
"carrot/stage0/carrot_stage_0.png":
{
	"frame": {"x":55,"y":238,"w":9,"h":7},
	"rotated": true,
	"trimmed": false,
	"spriteSourceSize": {"x":0,"y":0,"w":9,"h":7},
	"sourceSize": {"w":9,"h":7}
},
"carrot/stage0/carrot_stage_0_dead.png":
{
	"frame": {"x":55,"y":238,"w":9,"h":7},
	"rotated": true,
	"trimmed": false,
	"spriteSourceSize": {"x":0,"y":0,"w":9,"h":7},
	"sourceSize": {"w":9,"h":7}
},
"carrot/stage0/needs_water/carrot_stage_0_needs_water_stage_0.png":
{
	"frame": {"x":55,"y":238,"w":9,"h":7},
	"rotated": true,
	"trimmed": false,
	"spriteSourceSize": {"x":0,"y":0,"w":9,"h":7},
	"sourceSize": {"w":9,"h":7}
},
"carrot/stage0/needs_water/carrot_stage_0_needs_water_stage_1.png":
{
	"frame": {"x":55,"y":238,"w":9,"h":7},
	"rotated": true,
	"trimmed": false,
	"spriteSourceSize": {"x":0,"y":0,"w":9,"h":7},
	"sourceSize": {"w":9,"h":7}
},
"carrot/stage0/needs_water/carrot_stage_0_needs_water_stage_2.png":
{
	"frame": {"x":55,"y":238,"w":9,"h":7},
	"rotated": true,
	"trimmed": false,
	"spriteSourceSize": {"x":0,"y":0,"w":9,"h":7},
	"sourceSize": {"w":9,"h":7}
},
"carrot/stage1/carrot_stage_1.png":
{
	"frame": {"x":25,"y":529,"w":9,"h":9},
	"rotated": false,
	"trimmed": false,
	"spriteSourceSize": {"x":0,"y":0,"w":9,"h":9},
	"sourceSize": {"w":9,"h":9}
},
"carrot/stage1/carrot_stage_1_dead.png":
{
	"frame": {"x":25,"y":529,"w":9,"h":9},
	"rotated": false,
	"trimmed": false,
	"spriteSourceSize": {"x":0,"y":0,"w":9,"h":9},
	"sourceSize": {"w":9,"h":9}
},
"carrot/stage1/needs_water/carrot_stage_1_needs_water_stage_0.png":
{
	"frame": {"x":25,"y":529,"w":9,"h":9},
	"rotated": false,
	"trimmed": false,
	"spriteSourceSize": {"x":0,"y":0,"w":9,"h":9},
	"sourceSize": {"w":9,"h":9}
},
"carrot/stage1/needs_water/carrot_stage_1_needs_water_stage_1.png":
{
	"frame": {"x":25,"y":529,"w":9,"h":9},
	"rotated": false,
	"trimmed": false,
	"spriteSourceSize": {"x":0,"y":0,"w":9,"h":9},
	"sourceSize": {"w":9,"h":9}
},
"carrot/stage1/needs_water/carrot_stage_1_needs_water_stage_2.png":
{
	"frame": {"x":25,"y":529,"w":9,"h":9},
	"rotated": false,
	"trimmed": false,
	"spriteSourceSize": {"x":0,"y":0,"w":9,"h":9},
	"sourceSize": {"w":9,"h":9}
},
"carrot/stage2/carrot_stage_2.png":
{
	"frame": {"x":54,"y":474,"w":9,"h":12},
	"rotated": false,
	"trimmed": false,
	"spriteSourceSize": {"x":0,"y":0,"w":9,"h":12},
	"sourceSize": {"w":9,"h":12}
},
"carrot/stage2/carrot_stage_2_dead.png":
{
	"frame": {"x":54,"y":474,"w":9,"h":12},
	"rotated": false,
	"trimmed": false,
	"spriteSourceSize": {"x":0,"y":0,"w":9,"h":12},
	"sourceSize": {"w":9,"h":12}
},
"carrot/stage2/needs_water/carrot_stage_2_needs_water_stage_0.png":
{
	"frame": {"x":54,"y":474,"w":9,"h":12},
	"rotated": false,
	"trimmed": false,
	"spriteSourceSize": {"x":0,"y":0,"w":9,"h":12},
	"sourceSize": {"w":9,"h":12}
},
"carrot/stage2/needs_water/carrot_stage_2_needs_water_stage_1.png":
{
	"frame": {"x":54,"y":474,"w":9,"h":12},
	"rotated": false,
	"trimmed": false,
	"spriteSourceSize": {"x":0,"y":0,"w":9,"h":12},
	"sourceSize": {"w":9,"h":12}
},
"carrot/stage2/needs_water/carrot_stage_2_needs_water_stage_2.png":
{
	"frame": {"x":54,"y":474,"w":9,"h":12},
	"rotated": false,
	"trimmed": false,
	"spriteSourceSize": {"x":0,"y":0,"w":9,"h":12},
	"sourceSize": {"w":9,"h":12}
},
"carrot/stage3/carrot_stage_3.png":
{
	"frame": {"x":51,"y":502,"w":12,"h":14},
	"rotated": false,
	"trimmed": false,
	"spriteSourceSize": {"x":0,"y":0,"w":12,"h":14},
	"sourceSize": {"w":12,"h":14}
},
"carrot/stage3/carrot_stage_3_dead.png":
{
	"frame": {"x":51,"y":502,"w":12,"h":14},
	"rotated": false,
	"trimmed": false,
	"spriteSourceSize": {"x":0,"y":0,"w":12,"h":14},
	"sourceSize": {"w":12,"h":14}
},
"carrot/stage3/needs_water/carrot_stage_3_needs_water_stage_0.png":
{
	"frame": {"x":51,"y":502,"w":12,"h":14},
	"rotated": false,
	"trimmed": false,
	"spriteSourceSize": {"x":0,"y":0,"w":12,"h":14},
	"sourceSize": {"w":12,"h":14}
},
"carrot/stage3/needs_water/carrot_stage_3_needs_water_stage_1.png":
{
	"frame": {"x":51,"y":502,"w":12,"h":14},
	"rotated": false,
	"trimmed": false,
	"spriteSourceSize": {"x":0,"y":0,"w":12,"h":14},
	"sourceSize": {"w":12,"h":14}
},
"carrot/stage3/needs_water/carrot_stage_3_needs_water_stage_2.png":
{
	"frame": {"x":51,"y":502,"w":12,"h":14},
	"rotated": false,
	"trimmed": false,
	"spriteSourceSize": {"x":0,"y":0,"w":12,"h":14},
	"sourceSize": {"w":12,"h":14}
},
"corn/corn.png":
{
	"frame": {"x":19,"y":468,"w":16,"h":15},
	"rotated": false,
	"trimmed": false,
	"spriteSourceSize": {"x":0,"y":0,"w":16,"h":15},
	"sourceSize": {"w":16,"h":15}
},
"corn/stage0/corn_stage_0.png":
{
	"frame": {"x":55,"y":227,"w":9,"h":8},
	"rotated": true,
	"trimmed": false,
	"spriteSourceSize": {"x":0,"y":0,"w":9,"h":8},
	"sourceSize": {"w":9,"h":8}
},
"corn/stage0/corn_stage_0_dead.png":
{
	"frame": {"x":55,"y":227,"w":9,"h":8},
	"rotated": true,
	"trimmed": false,
	"spriteSourceSize": {"x":0,"y":0,"w":9,"h":8},
	"sourceSize": {"w":9,"h":8}
},
"corn/stage0/needs_water/corn_stage_0_needs_water_stage_0.png":
{
	"frame": {"x":55,"y":227,"w":9,"h":8},
	"rotated": true,
	"trimmed": false,
	"spriteSourceSize": {"x":0,"y":0,"w":9,"h":8},
	"sourceSize": {"w":9,"h":8}
},
"corn/stage0/needs_water/corn_stage_0_needs_water_stage_1.png":
{
	"frame": {"x":55,"y":227,"w":9,"h":8},
	"rotated": true,
	"trimmed": false,
	"spriteSourceSize": {"x":0,"y":0,"w":9,"h":8},
	"sourceSize": {"w":9,"h":8}
},
"corn/stage0/needs_water/corn_stage_0_needs_water_stage_2.png":
{
	"frame": {"x":55,"y":227,"w":9,"h":8},
	"rotated": true,
	"trimmed": false,
	"spriteSourceSize": {"x":0,"y":0,"w":9,"h":8},
	"sourceSize": {"w":9,"h":8}
},
"corn/stage1/corn_stage_1.png":
{
	"frame": {"x":52,"y":438,"w":11,"h":16},
	"rotated": false,
	"trimmed": false,
	"spriteSourceSize": {"x":0,"y":0,"w":11,"h":16},
	"sourceSize": {"w":11,"h":16}
},
"corn/stage1/corn_stage_1_dead.png":
{
	"frame": {"x":52,"y":438,"w":11,"h":16},
	"rotated": false,
	"trimmed": false,
	"spriteSourceSize": {"x":0,"y":0,"w":11,"h":16},
	"sourceSize": {"w":11,"h":16}
},
"corn/stage1/needs_water/corn_stage_1_needs_water_stage_0.png":
{
	"frame": {"x":52,"y":438,"w":11,"h":16},
	"rotated": false,
	"trimmed": false,
	"spriteSourceSize": {"x":0,"y":0,"w":11,"h":16},
	"sourceSize": {"w":11,"h":16}
},
"corn/stage1/needs_water/corn_stage_1_needs_water_stage_1.png":
{
	"frame": {"x":52,"y":438,"w":11,"h":16},
	"rotated": false,
	"trimmed": false,
	"spriteSourceSize": {"x":0,"y":0,"w":11,"h":16},
	"sourceSize": {"w":11,"h":16}
},
"corn/stage1/needs_water/corn_stage_1_needs_water_stage_2.png":
{
	"frame": {"x":52,"y":438,"w":11,"h":16},
	"rotated": false,
	"trimmed": false,
	"spriteSourceSize": {"x":0,"y":0,"w":11,"h":16},
	"sourceSize": {"w":11,"h":16}
},
"corn/stage2/corn_stage_2.png":
{
	"frame": {"x":1,"y":390,"w":12,"h":29},
	"rotated": true,
	"trimmed": false,
	"spriteSourceSize": {"x":0,"y":0,"w":12,"h":29},
	"sourceSize": {"w":12,"h":29}
},
"corn/stage2/corn_stage_2_dead.png":
{
	"frame": {"x":1,"y":390,"w":12,"h":29},
	"rotated": true,
	"trimmed": false,
	"spriteSourceSize": {"x":0,"y":0,"w":12,"h":29},
	"sourceSize": {"w":12,"h":29}
},
"corn/stage2/needs_water/corn_stage_2_needs_water_stage_0.png":
{
	"frame": {"x":1,"y":390,"w":12,"h":29},
	"rotated": true,
	"trimmed": false,
	"spriteSourceSize": {"x":0,"y":0,"w":12,"h":29},
	"sourceSize": {"w":12,"h":29}
},
"corn/stage2/needs_water/corn_stage_2_needs_water_stage_1.png":
{
	"frame": {"x":1,"y":390,"w":12,"h":29},
	"rotated": true,
	"trimmed": false,
	"spriteSourceSize": {"x":0,"y":0,"w":12,"h":29},
	"sourceSize": {"w":12,"h":29}
},
"corn/stage2/needs_water/corn_stage_2_needs_water_stage_2.png":
{
	"frame": {"x":1,"y":390,"w":12,"h":29},
	"rotated": true,
	"trimmed": false,
	"spriteSourceSize": {"x":0,"y":0,"w":12,"h":29},
	"sourceSize": {"w":12,"h":29}
},
"corn/stage3/corn_stage_3.png":
{
	"frame": {"x":1,"y":267,"w":13,"h":45},
	"rotated": true,
	"trimmed": false,
	"spriteSourceSize": {"x":0,"y":0,"w":13,"h":45},
	"sourceSize": {"w":13,"h":45}
},
"corn/stage3/corn_stage_3_dead.png":
{
	"frame": {"x":1,"y":267,"w":13,"h":45},
	"rotated": true,
	"trimmed": false,
	"spriteSourceSize": {"x":0,"y":0,"w":13,"h":45},
	"sourceSize": {"w":13,"h":45}
},
"corn/stage3/needs_water/corn_stage_3_needs_water_stage_0.png":
{
	"frame": {"x":1,"y":267,"w":13,"h":45},
	"rotated": true,
	"trimmed": false,
	"spriteSourceSize": {"x":0,"y":0,"w":13,"h":45},
	"sourceSize": {"w":13,"h":45}
},
"corn/stage3/needs_water/corn_stage_3_needs_water_stage_1.png":
{
	"frame": {"x":1,"y":267,"w":13,"h":45},
	"rotated": true,
	"trimmed": false,
	"spriteSourceSize": {"x":0,"y":0,"w":13,"h":45},
	"sourceSize": {"w":13,"h":45}
},
"corn/stage3/needs_water/corn_stage_3_needs_water_stage_2.png":
{
	"frame": {"x":1,"y":267,"w":13,"h":45},
	"rotated": true,
	"trimmed": false,
	"spriteSourceSize": {"x":0,"y":0,"w":13,"h":45},
	"sourceSize": {"w":13,"h":45}
},
"hatchet.png":
{
	"frame": {"x":38,"y":321,"w":25,"h":18},
	"rotated": false,
	"trimmed": false,
	"spriteSourceSize": {"x":0,"y":0,"w":25,"h":18},
	"sourceSize": {"w":25,"h":18}
},
"hoe.png":
{
	"frame": {"x":35,"y":381,"w":27,"h":19},
	"rotated": false,
	"trimmed": false,
	"spriteSourceSize": {"x":0,"y":0,"w":27,"h":19},
	"sourceSize": {"w":27,"h":19}
},
"log.png":
{
	"frame": {"x":1,"y":440,"w":21,"h":18},
	"rotated": false,
	"trimmed": false,
	"spriteSourceSize": {"x":0,"y":0,"w":21,"h":18},
	"sourceSize": {"w":21,"h":18}
},
"log1.png":
{
	"frame": {"x":1,"y":357,"w":32,"h":15},
	"rotated": false,
	"trimmed": false,
	"spriteSourceSize": {"x":0,"y":0,"w":32,"h":15},
	"sourceSize": {"w":32,"h":15}
},
"log2.png":
{
	"frame": {"x":1,"y":374,"w":32,"h":14},
	"rotated": false,
	"trimmed": false,
	"spriteSourceSize": {"x":0,"y":0,"w":32,"h":14},
	"sourceSize": {"w":32,"h":14}
},
"logs3.png":
{
	"frame": {"x":1,"y":417,"w":21,"h":24},
	"rotated": true,
	"trimmed": false,
	"spriteSourceSize": {"x":0,"y":0,"w":21,"h":24},
	"sourceSize": {"w":21,"h":24}
},
"pole.png":
{
	"frame": {"x":32,"y":415,"w":24,"h":21},
	"rotated": false,
	"trimmed": false,
	"spriteSourceSize": {"x":0,"y":0,"w":24,"h":21},
	"sourceSize": {"w":24,"h":21}
},
"PSF_B_Forest-1.png (13).png":
{
	"frame": {"x":1,"y":316,"w":35,"h":22},
	"rotated": false,
	"trimmed": false,
	"spriteSourceSize": {"x":0,"y":0,"w":35,"h":22},
	"sourceSize": {"w":35,"h":22}
},
"PSF_B_Forest-1.png (14).png":
{
	"frame": {"x":1,"y":242,"w":46,"h":23},
	"rotated": false,
	"trimmed": false,
	"spriteSourceSize": {"x":0,"y":0,"w":46,"h":23},
	"sourceSize": {"w":46,"h":23}
},
"rock1.png":
{
	"frame": {"x":17,"y":517,"w":14,"h":10},
	"rotated": false,
	"trimmed": false,
	"spriteSourceSize": {"x":0,"y":0,"w":14,"h":10},
	"sourceSize": {"w":14,"h":10}
},
"rock2.png":
{
	"frame": {"x":34,"y":506,"w":14,"h":11},
	"rotated": false,
	"trimmed": false,
	"spriteSourceSize": {"x":0,"y":0,"w":14,"h":11},
	"sourceSize": {"w":14,"h":11}
},
"stump_axe.png":
{
	"frame": {"x":37,"y":341,"w":24,"h":26},
	"rotated": true,
	"trimmed": false,
	"spriteSourceSize": {"x":0,"y":0,"w":24,"h":26},
	"sourceSize": {"w":24,"h":26}
},
"stump_no_axe.png":
{
	"frame": {"x":47,"y":295,"w":24,"h":16},
	"rotated": true,
	"trimmed": false,
	"spriteSourceSize": {"x":0,"y":0,"w":24,"h":16},
	"sourceSize": {"w":24,"h":16}
},
"tomato/stage0/needs_water/tomato_stage_0_needs_water_stage_0.png":
{
	"frame": {"x":36,"y":519,"w":9,"h":9},
	"rotated": false,
	"trimmed": false,
	"spriteSourceSize": {"x":0,"y":0,"w":9,"h":9},
	"sourceSize": {"w":9,"h":9}
},
"tomato/stage0/needs_water/tomato_stage_0_needs_water_stage_1.png":
{
	"frame": {"x":36,"y":519,"w":9,"h":9},
	"rotated": false,
	"trimmed": false,
	"spriteSourceSize": {"x":0,"y":0,"w":9,"h":9},
	"sourceSize": {"w":9,"h":9}
},
"tomato/stage0/needs_water/tomato_stage_0_needs_water_stage_2.png":
{
	"frame": {"x":36,"y":519,"w":9,"h":9},
	"rotated": false,
	"trimmed": false,
	"spriteSourceSize": {"x":0,"y":0,"w":9,"h":9},
	"sourceSize": {"w":9,"h":9}
},
"tomato/stage0/tomato_stage_0.png":
{
	"frame": {"x":36,"y":519,"w":9,"h":9},
	"rotated": false,
	"trimmed": false,
	"spriteSourceSize": {"x":0,"y":0,"w":9,"h":9},
	"sourceSize": {"w":9,"h":9}
},
"tomato/stage0/tomato_stage_0_dead.png":
{
	"frame": {"x":36,"y":519,"w":9,"h":9},
	"rotated": false,
	"trimmed": false,
	"spriteSourceSize": {"x":0,"y":0,"w":9,"h":9},
	"sourceSize": {"w":9,"h":9}
},
"tomato/stage1/needs_water/tomato_stage_1_needs_water_stage_0.png":
{
	"frame": {"x":54,"y":488,"w":9,"h":12},
	"rotated": false,
	"trimmed": false,
	"spriteSourceSize": {"x":0,"y":0,"w":9,"h":12},
	"sourceSize": {"w":9,"h":12}
},
"tomato/stage1/needs_water/tomato_stage_1_needs_water_stage_1.png":
{
	"frame": {"x":54,"y":488,"w":9,"h":12},
	"rotated": false,
	"trimmed": false,
	"spriteSourceSize": {"x":0,"y":0,"w":9,"h":12},
	"sourceSize": {"w":9,"h":12}
},
"tomato/stage1/needs_water/tomato_stage_1_needs_water_stage_2.png":
{
	"frame": {"x":54,"y":488,"w":9,"h":12},
	"rotated": false,
	"trimmed": false,
	"spriteSourceSize": {"x":0,"y":0,"w":9,"h":12},
	"sourceSize": {"w":9,"h":12}
},
"tomato/stage1/tomato_stage_1.png":
{
	"frame": {"x":54,"y":488,"w":9,"h":12},
	"rotated": false,
	"trimmed": false,
	"spriteSourceSize": {"x":0,"y":0,"w":9,"h":12},
	"sourceSize": {"w":9,"h":12}
},
"tomato/stage1/tomato_stage_1_dead.png":
{
	"frame": {"x":54,"y":488,"w":9,"h":12},
	"rotated": false,
	"trimmed": false,
	"spriteSourceSize": {"x":0,"y":0,"w":9,"h":12},
	"sourceSize": {"w":9,"h":12}
},
"tomato/stage2/needs_water/tomato_stage_2_needs_water_stage_0.png":
{
	"frame": {"x":1,"y":507,"w":13,"h":14},
	"rotated": true,
	"trimmed": false,
	"spriteSourceSize": {"x":0,"y":0,"w":13,"h":14},
	"sourceSize": {"w":13,"h":14}
},
"tomato/stage2/needs_water/tomato_stage_2_needs_water_stage_1.png":
{
	"frame": {"x":1,"y":507,"w":13,"h":14},
	"rotated": true,
	"trimmed": false,
	"spriteSourceSize": {"x":0,"y":0,"w":13,"h":14},
	"sourceSize": {"w":13,"h":14}
},
"tomato/stage2/needs_water/tomato_stage_2_needs_water_stage_2.png":
{
	"frame": {"x":1,"y":507,"w":13,"h":14},
	"rotated": true,
	"trimmed": false,
	"spriteSourceSize": {"x":0,"y":0,"w":13,"h":14},
	"sourceSize": {"w":13,"h":14}
},
"tomato/stage2/tomato_stage_2.png":
{
	"frame": {"x":1,"y":507,"w":13,"h":14},
	"rotated": true,
	"trimmed": false,
	"spriteSourceSize": {"x":0,"y":0,"w":13,"h":14},
	"sourceSize": {"w":13,"h":14}
},
"tomato/stage2/tomato_stage_2_dead.png":
{
	"frame": {"x":1,"y":507,"w":13,"h":14},
	"rotated": true,
	"trimmed": false,
	"spriteSourceSize": {"x":0,"y":0,"w":13,"h":14},
	"sourceSize": {"w":13,"h":14}
},
"tomato/stage3/needs_water/tomato_stage_3_needs_water_stage_0.png":
{
	"frame": {"x":35,"y":490,"w":14,"h":14},
	"rotated": false,
	"trimmed": false,
	"spriteSourceSize": {"x":0,"y":0,"w":14,"h":14},
	"sourceSize": {"w":14,"h":14}
},
"tomato/stage3/needs_water/tomato_stage_3_needs_water_stage_1.png":
{
	"frame": {"x":35,"y":490,"w":14,"h":14},
	"rotated": false,
	"trimmed": false,
	"spriteSourceSize": {"x":0,"y":0,"w":14,"h":14},
	"sourceSize": {"w":14,"h":14}
},
"tomato/stage3/needs_water/tomato_stage_3_needs_water_stage_2.png":
{
	"frame": {"x":35,"y":490,"w":14,"h":14},
	"rotated": false,
	"trimmed": false,
	"spriteSourceSize": {"x":0,"y":0,"w":14,"h":14},
	"sourceSize": {"w":14,"h":14}
},
"tomato/stage3/tomato_stage_3.png":
{
	"frame": {"x":35,"y":490,"w":14,"h":14},
	"rotated": false,
	"trimmed": false,
	"spriteSourceSize": {"x":0,"y":0,"w":14,"h":14},
	"sourceSize": {"w":14,"h":14}
},
"tomato/stage3/tomato_stage_3_dead.png":
{
	"frame": {"x":35,"y":490,"w":14,"h":14},
	"rotated": false,
	"trimmed": false,
	"spriteSourceSize": {"x":0,"y":0,"w":14,"h":14},
	"sourceSize": {"w":14,"h":14}
},
"tomato/tomato.png":
{
	"frame": {"x":50,"y":518,"w":13,"h":13},
	"rotated": false,
	"trimmed": false,
	"spriteSourceSize": {"x":0,"y":0,"w":13,"h":13},
	"sourceSize": {"w":13,"h":13}
},
"tools-1.png.png":
{
	"frame": {"x":24,"y":452,"w":17,"h":14},
	"rotated": false,
	"trimmed": false,
	"spriteSourceSize": {"x":0,"y":0,"w":17,"h":14},
	"sourceSize": {"w":17,"h":14}
},
"tree1.png":
{
	"frame": {"x":1,"y":140,"w":61,"h":74},
	"rotated": false,
	"trimmed": false,
	"spriteSourceSize": {"x":0,"y":0,"w":61,"h":74},
	"sourceSize": {"w":61,"h":74}
},
"tree1shadow.png":
{
	"frame": {"x":1,"y":340,"w":34,"h":15},
	"rotated": false,
	"trimmed": false,
	"spriteSourceSize": {"x":0,"y":0,"w":34,"h":15},
	"sourceSize": {"w":34,"h":15}
},
"tree2.png":
{
	"frame": {"x":1,"y":48,"w":61,"h":90},
	"rotated": false,
	"trimmed": false,
	"spriteSourceSize": {"x":0,"y":0,"w":61,"h":90},
	"sourceSize": {"w":61,"h":90}
},
"tree2shadow.png":
{
	"frame": {"x":1,"y":216,"w":52,"h":24},
	"rotated": false,
	"trimmed": false,
	"spriteSourceSize": {"x":0,"y":0,"w":52,"h":24},
	"sourceSize": {"w":52,"h":24}
},
"tree3.png":
{
	"frame": {"x":1,"y":282,"w":32,"h":44},
	"rotated": true,
	"trimmed": false,
	"spriteSourceSize": {"x":0,"y":0,"w":32,"h":44},
	"sourceSize": {"w":32,"h":44}
},
"tree3shadow.png":
{
	"frame": {"x":32,"y":402,"w":29,"h":11},
	"rotated": false,
	"trimmed": false,
	"spriteSourceSize": {"x":0,"y":0,"w":29,"h":11},
	"sourceSize": {"w":29,"h":11}
},
"tree4.png":
{
	"frame": {"x":1,"y":1,"w":45,"h":62},
	"rotated": true,
	"trimmed": false,
	"spriteSourceSize": {"x":0,"y":0,"w":45,"h":62},
	"sourceSize": {"w":45,"h":62}
},
"tree4shadow.png":
{
	"frame": {"x":49,"y":249,"w":44,"h":14},
	"rotated": true,
	"trimmed": false,
	"spriteSourceSize": {"x":0,"y":0,"w":44,"h":14},
	"sourceSize": {"w":44,"h":14}
},
"tree5shadow.png":
{
	"frame": {"x":1,"y":404,"w":29,"h":11},
	"rotated": false,
	"trimmed": false,
	"spriteSourceSize": {"x":0,"y":0,"w":29,"h":11},
	"sourceSize": {"w":29,"h":11}
},
"watercan.png":
{
	"frame": {"x":18,"y":501,"w":14,"h":14},
	"rotated": false,
	"trimmed": false,
	"spriteSourceSize": {"x":0,"y":0,"w":14,"h":14},
	"sourceSize": {"w":14,"h":14}
},
"watercan_filled.png":
{
	"frame": {"x":18,"y":485,"w":15,"h":14},
	"rotated": false,
	"trimmed": true,
	"spriteSourceSize": {"x":0,"y":0,"w":15,"h":14},
	"sourceSize": {"w":20,"h":14}
},
"wheat/stage0/needs_water/wheat_stage_0_needs_water_stage_0.png":
{
	"frame": {"x":36,"y":530,"w":9,"h":9},
	"rotated": false,
	"trimmed": false,
	"spriteSourceSize": {"x":0,"y":0,"w":9,"h":9},
	"sourceSize": {"w":9,"h":9}
},
"wheat/stage0/needs_water/wheat_stage_0_needs_water_stage_1.png":
{
	"frame": {"x":36,"y":530,"w":9,"h":9},
	"rotated": false,
	"trimmed": false,
	"spriteSourceSize": {"x":0,"y":0,"w":9,"h":9},
	"sourceSize": {"w":9,"h":9}
},
"wheat/stage0/needs_water/wheat_stage_0_needs_water_stage_2.png":
{
	"frame": {"x":36,"y":530,"w":9,"h":9},
	"rotated": false,
	"trimmed": false,
	"spriteSourceSize": {"x":0,"y":0,"w":9,"h":9},
	"sourceSize": {"w":9,"h":9}
},
"wheat/stage0/wheat_stage_0.png":
{
	"frame": {"x":36,"y":530,"w":9,"h":9},
	"rotated": false,
	"trimmed": false,
	"spriteSourceSize": {"x":0,"y":0,"w":9,"h":9},
	"sourceSize": {"w":9,"h":9}
},
"wheat/stage0/wheat_stage_0_dead.png":
{
	"frame": {"x":36,"y":530,"w":9,"h":9},
	"rotated": false,
	"trimmed": false,
	"spriteSourceSize": {"x":0,"y":0,"w":9,"h":9},
	"sourceSize": {"w":9,"h":9}
},
"wheat/stage1/needs_water/wheat_stage_1_needs_water_stage_0.png":
{
	"frame": {"x":1,"y":495,"w":10,"h":15},
	"rotated": true,
	"trimmed": false,
	"spriteSourceSize": {"x":0,"y":0,"w":10,"h":15},
	"sourceSize": {"w":10,"h":15}
},
"wheat/stage1/needs_water/wheat_stage_1_needs_water_stage_1.png":
{
	"frame": {"x":1,"y":495,"w":10,"h":15},
	"rotated": true,
	"trimmed": false,
	"spriteSourceSize": {"x":0,"y":0,"w":10,"h":15},
	"sourceSize": {"w":10,"h":15}
},
"wheat/stage1/needs_water/wheat_stage_1_needs_water_stage_2.png":
{
	"frame": {"x":1,"y":495,"w":10,"h":15},
	"rotated": true,
	"trimmed": false,
	"spriteSourceSize": {"x":0,"y":0,"w":10,"h":15},
	"sourceSize": {"w":10,"h":15}
},
"wheat/stage1/wheat_stage_1.png":
{
	"frame": {"x":1,"y":495,"w":10,"h":15},
	"rotated": true,
	"trimmed": false,
	"spriteSourceSize": {"x":0,"y":0,"w":10,"h":15},
	"sourceSize": {"w":10,"h":15}
},
"wheat/stage1/wheat_stage_1_dead.png":
{
	"frame": {"x":1,"y":495,"w":10,"h":15},
	"rotated": true,
	"trimmed": false,
	"spriteSourceSize": {"x":0,"y":0,"w":10,"h":15},
	"sourceSize": {"w":10,"h":15}
},
"wheat/stage2/needs_water/wheat_stage_2_needs_water_stage_0.png":
{
	"frame": {"x":27,"y":438,"w":12,"h":23},
	"rotated": true,
	"trimmed": false,
	"spriteSourceSize": {"x":0,"y":0,"w":12,"h":23},
	"sourceSize": {"w":12,"h":23}
},
"wheat/stage2/needs_water/wheat_stage_2_needs_water_stage_1.png":
{
	"frame": {"x":27,"y":438,"w":12,"h":23},
	"rotated": true,
	"trimmed": false,
	"spriteSourceSize": {"x":0,"y":0,"w":12,"h":23},
	"sourceSize": {"w":12,"h":23}
},
"wheat/stage2/needs_water/wheat_stage_2_needs_water_stage_2.png":
{
	"frame": {"x":27,"y":438,"w":12,"h":23},
	"rotated": true,
	"trimmed": false,
	"spriteSourceSize": {"x":0,"y":0,"w":12,"h":23},
	"sourceSize": {"w":12,"h":23}
},
"wheat/stage2/wheat_stage_2.png":
{
	"frame": {"x":27,"y":438,"w":12,"h":23},
	"rotated": true,
	"trimmed": false,
	"spriteSourceSize": {"x":0,"y":0,"w":12,"h":23},
	"sourceSize": {"w":12,"h":23}
},
"wheat/stage2/wheat_stage_2_dead.png":
{
	"frame": {"x":27,"y":438,"w":12,"h":23},
	"rotated": true,
	"trimmed": false,
	"spriteSourceSize": {"x":0,"y":0,"w":12,"h":23},
	"sourceSize": {"w":12,"h":23}
},
"wheat/stage3/needs_water/wheat_stage_3_needs_water_stage_0.png":
{
	"frame": {"x":35,"y":367,"w":12,"h":28},
	"rotated": true,
	"trimmed": false,
	"spriteSourceSize": {"x":0,"y":0,"w":12,"h":28},
	"sourceSize": {"w":12,"h":28}
},
"wheat/stage3/needs_water/wheat_stage_3_needs_water_stage_1.png":
{
	"frame": {"x":35,"y":367,"w":12,"h":28},
	"rotated": true,
	"trimmed": false,
	"spriteSourceSize": {"x":0,"y":0,"w":12,"h":28},
	"sourceSize": {"w":12,"h":28}
},
"wheat/stage3/needs_water/wheat_stage_3_needs_water_stage_2.png":
{
	"frame": {"x":35,"y":367,"w":12,"h":28},
	"rotated": true,
	"trimmed": false,
	"spriteSourceSize": {"x":0,"y":0,"w":12,"h":28},
	"sourceSize": {"w":12,"h":28}
},
"wheat/stage3/wheat_stage_3.png":
{
	"frame": {"x":35,"y":367,"w":12,"h":28},
	"rotated": true,
	"trimmed": false,
	"spriteSourceSize": {"x":0,"y":0,"w":12,"h":28},
	"sourceSize": {"w":12,"h":28}
},
"wheat/stage3/wheat_stage_3_dead.png":
{
	"frame": {"x":35,"y":367,"w":12,"h":28},
	"rotated": true,
	"trimmed": false,
	"spriteSourceSize": {"x":0,"y":0,"w":12,"h":28},
	"sourceSize": {"w":12,"h":28}
},
"wheat/wheat.png":
{
	"frame": {"x":1,"y":460,"w":16,"h":16},
	"rotated": false,
	"trimmed": false,
	"spriteSourceSize": {"x":0,"y":0,"w":16,"h":16},
	"sourceSize": {"w":16,"h":16}
}},
"meta": {
	"app": "https://www.codeandweb.com/texturepacker",
	"version": "1.0",
	"image": "evilfarmsprites.png",
	"format": "RGBA8888",
	"size": {"w":64,"h":540},
	"scale": "1",
	"smartupdate": "$TexturePacker:SmartUpdate:ce2bde8715fbc326417868e0d3764d88:2b7883df1d5927e053b6de4aac3e06d2:668a01554ec07d78bc049ad58c635eb9$"
}
}
