{"id":1,"name":"player","slots":{"1":{"rect":[1,1,20,35]},"2":{"rect":[23,1,20,33]},"3":{"rect":[45,1,20,35]},"4":{"rect":[67,1,20,33]},"5":{"rect":[89,1,20,33]},"6":{"rect":[111,1,20,33]},"7":{"rect":[133,1,20,33]},"8":{"rect":[155,1,20,33]},"9":{"rect":[177,1,20,33]},"10":{"rect":[199,1,20,33]},"11":{"rect":[221,1,20,33]},"12":{"rect":[243,1,20,33]},"13":{"rect":[5,124,26,38]},"14":{"rect":[35,124,26,38]},"15":{"rect":[64,123,26,38]},"16":{"rect":[97,125,26,38]},"17":{"rect":[127,126,26,38]},"18":{"rect":[157,128,26,38]},"19":{"rect":[12,172,26,38]},"20":{"rect":[41,172,26,38]},"21":{"rect":[71,172,26,38]},"22":{"rect":[12,212,26,38]},"23":{"rect":[42,212,26,38]},"24":{"rect":[71,212,26,38]},"25":{"rect":[6,82,26,38]},"26":{"rect":[36,82,26,38]},"27":{"rect":[66,82,26,38]},"28":{"rect":[94,83,26,38]},"29":{"rect":[126,84,26,38]},"30":{"rect":[155,86,26,38]},"31":{"rect":[95,43,26,38]},"32":{"rect":[125,43,26,38]},"33":{"rect":[153,43,26,38]},"34":{"rect":[7,39,26,38]},"35":{"rect":[34,40,26,38]},"36":{"rect":[62,41,26,38]}},"colliders":{},"defaultSkinName":"","skins":[]}