{
  "id": 30,
  "endTime": 1000,
  "frameData": [
    {
      "time": 0,
      "bones": [
        {
          "id": 2,
          "slotId": 126,
          "hide": false,
          "name": "base"
        },
        {
          "id": 8,
          "slotId": 134,
          "hide": false,
          "x": 27,
          "y": 21,
          "name": "tool"
        },
        {
          "id": "15",
          "slotId": 130,
          "hide": true,
          "y": -4,
          "name": "base_shirt"
        }
      ],
      "boneOrder": [
        2,
        3,
        4,
        5,
        6,
        8,
        10,
        11,
        15,
        17
      ],
      "boneOrderNamed": [
        "base",
        "right-arm",
        "left-arm",
        "right-hand",
        "left-hand",
        "tool",
        "sweat",
        "effect",
        "base_shirt",
        "hat"
      ]
    },
    {
      "time": 180,
      "bones": [
        {
          "id": 2,
          "slotId": 132,
          "x": 20,
          "y": 23,
          "name": "base"
        },
        {
          "id": 8,
          "slotId": 135,
          "x": -2,
          "y": -8,
          "name": "tool"
        },
        {
          "id": 10,
          "slotId": 133,
          "hide": false,
          "x": 41,
          "y": -17,
          "rotation": 31.399999999999956,
          "name": "sweat"
        }
      ]
    },
    {
      "time": 327,
      "bones": [
        {
          "id": 8,
          "slotId": 141,
          "x": -11,
          "y": -3,
          "name": "tool"
        },
        {
          "id": 10,
          "x": 24,
          "y": 9,
          "rotation": 22.466666666666633,
          "name": "sweat"
        }
      ]
    },
    {
      "time": 426,
      "bones": [
        {
          "id": 8,
          "x": 5,
          "y": 5,
          "name": "tool"
        },
        {
          "id": 10,
          "x": 28,
          "y": 27,
          "rotation": 32.40000000000025,
          "name": "sweat"
        },
        {
          "id": 11,
          "slotId": 141,
          "hide": false,
          "x": 34,
          "y": 18,
          "rotation": 15.757575757575749,
          "name": "effect"
        }
      ]
    },
    {
      "time": 497,
      "bones": [
        {
          "id": 8,
          "x": 16,
          "y": 12,
          "name": "tool"
        },
        {
          "id": 10,
          "x": 9,
          "y": 26,
          "rotation": 39.20000000000046,
          "name": "sweat"
        },
        {
          "id": 11,
          "slotId": 140,
          "scaleX": -0.3999999999999999,
          "scaleY": -0.4999999999999999,
          "x": -3,
          "y": 7,
          "rotation": -4.739393939393938,
          "name": "effect"
        }
      ]
    },
    {
      "time": 564,
      "bones": [
        {
          "id": 8,
          "scaleX": 0.30000000000000027,
          "scaleY": 0.7000000000000006,
          "x": 6,
          "y": -12,
          "rotation": 7.2,
          "name": "tool"
        },
        {
          "id": 10,
          "x": 2,
          "y": 11,
          "rotation": 16.000000000000227,
          "name": "sweat"
        },
        {
          "id": 11,
          "slotId": 136,
          "scaleX": 0.8000000000000003,
          "scaleY": 1.3000000000000007,
          "x": -4,
          "y": -4,
          "rotation": -11.01818181818181,
          "name": "effect"
        }
      ]
    },
    {
      "time": 620,
      "bones": [
        {
          "id": 8,
          "scaleX": 0.6000000000000005,
          "scaleY": 0.20000000000000018,
          "x": -23,
          "y": -2,
          "rotation": -7.2,
          "name": "tool"
        },
        {
          "id": 10,
          "x": -9,
          "y": 14,
          "rotation": 32.800000000000466,
          "name": "sweat"
        },
        {
          "id": 11,
          "scaleX": -0.40000000000000036,
          "scaleY": -0.8000000000000007,
          "x": -27,
          "y": -21,
          "name": "effect"
        }
      ]
    },
    {
      "time": 621,
      "bones": [
        {
          "id": 8,
          "scaleX": -0.8000000000000007,
          "scaleY": -0.6000000000000005,
          "x": 19,
          "y": 13,
          "name": "tool"
        },
        {
          "id": 11,
          "slotId": 136,
          "name": "effect"
        }
      ]
    },
    {
      "time": 660,
      "bones": [
        {
          "id": 8,
          "scaleX": 0.40000000000000036,
          "scaleY": 0.5000000000000004,
          "x": -3,
          "y": -13,
          "rotation": 7.272727272727272,
          "name": "tool"
        },
        {
          "id": 11,
          "hide": false,
          "scaleX": 0.8000000000000007,
          "scaleY": 0.6000000000000005,
          "x": 24,
          "y": 27,
          "rotation": -25.757575757575797,
          "name": "effect"
        }
      ]
    },
    {
      "time": 693,
      "bones": [
        {
          "id": 8,
          "scaleX": 0.30000000000000027,
          "scaleY": -0.40000000000000036,
          "x": 1,
          "y": 4,
          "rotation": -2.12121212121212,
          "name": "tool"
        },
        {
          "id": 10,
          "x": -10,
          "y": 8,
          "rotation": 33.20000000000036,
          "name": "sweat"
        },
        {
          "id": 11,
          "scaleX": -3.600000000000001,
          "scaleY": 0.5000000000000004,
          "x": 23,
          "y": -6,
          "rotation": 25.757575757575797,
          "name": "effect"
        }
      ]
    },
    {
      "time": 789,
      "bones": [
        {
          "id": 8,
          "scaleX": -0.10000000000000009,
          "scaleY": 0.20000000000000018,
          "x": 9,
          "y": 1,
          "rotation": 4.848484848484845,
          "name": "tool"
        },
        {
          "id": 10,
          "x": -22,
          "y": -10,
          "rotation": 48.400000000000716,
          "name": "sweat"
        },
        {
          "id": 11,
          "slotId": 135,
          "scaleX": 3.3000000000000007,
          "scaleY": 0.20000000000000018,
          "x": -16,
          "y": -12,
          "name": "effect"
        }
      ]
    },
    {
      "time": 873,
      "bones": [
        {
          "id": 8,
          "scaleX": -0.30000000000000027,
          "x": -16,
          "y": -8,
          "rotation": -0.9090909090909083,
          "name": "tool"
        },
        {
          "id": 10,
          "x": 6,
          "y": 2,
          "rotation": -2.800000000000324,
          "name": "sweat"
        },
        {
          "id": 11,
          "slotId": 140,
          "scaleX": -0.10000000000000009,
          "scaleY": 0.10000000000000009,
          "x": 13,
          "y": 21,
          "rotation": 9.090909090909088,
          "name": "effect"
        }
      ]
    }
  ],
  "direction": "south",
  "actionId": 6
}