{
  "id": 5,
  "endTime": "1500",
  "frameData": [
    {
      "time": 0,
      "bones": [
        {
          "id": "2",
          "slotId": 2,
          "hide": false,
          "name": "base"
        },
        {
          "id": 8,
          "slotId": null,
          "hide": true,
          "name": "tool"
        },
        {
          "id": 10,
          "slotId": null,
          "hide": true,
          "name": "sweat"
        },
        {
          "id": 11,
          "slotId": null,
          "hide": true,
          "name": "effect"
        },
        {
          "id": 15,
          "slotId": 79,
          "hide": false,
          "name": "base_shirt"
        },
        {
          "id": 17,
          "slotId": null,
          "hide": false,
          "name": "hat"
        }
      ],
      "boneOrder": [
        2,
        3,
        4,
        5,
        6,
        8,
        10,
        11,
        15,
        17
      ],
      "boneOrderNamed": [
        "base",
        "right-arm",
        "left-arm",
        "right-hand",
        "left-hand",
        "tool",
        "sweat",
        "effect",
        "base_shirt",
        "hat"
      ]
    },
    {
      "time": 663,
      "bones": [
        {
          "id": "2",
          "slotId": 3,
          "name": "base"
        },
        {
          "id": 8,
          "hide": false,
          "name": "tool"
        },
        {
          "id": 10,
          "hide": false,
          "name": "sweat"
        },
        {
          "id": 11,
          "hide": false,
          "name": "effect"
        },
        {
          "id": 15,
          "slotId": 80,
          "name": "base_shirt"
        }
      ]
    },
    {
      "time": 788,
      "bones": [
        {
          "id": "2",
          "slotId": 4,
          "name": "base"
        },
        {
          "id": 15,
          "slotId": 81,
          "name": "base_shirt"
        }
      ]
    },
    {
      "time": 921,
      "bones": [
        {
          "id": "2",
          "slotId": 3,
          "name": "base"
        },
        {
          "id": 15,
          "slotId": 80,
          "name": "base_shirt"
        }
      ]
    },
    {
      "time": 1065,
      "bones": [
        {
          "id": "2",
          "slotId": 4,
          "name": "base"
        },
        {
          "id": 15,
          "slotId": 81,
          "name": "base_shirt"
        }
      ]
    },
    {
      "time": 1200,
      "bones": [
        {
          "id": "2",
          "slotId": 3,
          "name": "base"
        },
        {
          "id": 15,
          "slotId": 80,
          "name": "base_shirt"
        }
      ]
    },
    {
      "time": 1350,
      "bones": [
        {
          "id": "2",
          "slotId": 4,
          "name": "base"
        },
        {
          "id": 15,
          "slotId": 81,
          "name": "base_shirt"
        }
      ]
    }
  ],
  "direction": "south",
  "actionId": 2
}