{
  "id": 20,
  "endTime": 1000,
  "frameData": [
    {
      "time": 0,
      "bones": [
        {
          "id": 2,
          "slotId": 17,
          "hide": false,
          "name": "base"
        },
        {
          "id": 15,
          "slotId": 108,
          "hide": false,
          "name": "base_shirt"
        },
        {
          "id": 8,
          "slotId": null,
          "hide": true,
          "name": "tool"
        },
        {
          "id": 10,
          "slotId": null,
          "hide": true,
          "name": "sweat"
        },
        {
          "id": 11,
          "slotId": null,
          "hide": true,
          "name": "effect"
        },
        {
          "id": 17,
          "slotId": null,
          "hide": false,
          "name": "hat"
        }
      ],
      "boneOrder": [
        2,
        15,
        3,
        4,
        5,
        6,
        8,
        10,
        11,
        17
      ],
      "boneOrderNamed": [
        "base",
        "base_shirt",
        "right-arm",
        "left-arm",
        "right-hand",
        "left-hand",
        "tool",
        "sweat",
        "effect",
        "hat"
      ]
    },
    {
      "time": 166,
      "bones": [
        {
          "id": 2,
          "slotId": 18,
          "name": "base"
        },
        {
          "id": 15,
          "slotId": 109,
          "name": "base_shirt"
        },
        {
          "id": 8,
          "hide": false,
          "name": "tool"
        },
        {
          "id": 10,
          "hide": false,
          "name": "sweat"
        },
        {
          "id": 11,
          "hide": false,
          "name": "effect"
        }
      ]
    },
    {
      "time": 332,
      "bones": [
        {
          "id": 2,
          "slotId": 23,
          "name": "base"
        },
        {
          "id": 15,
          "slotId": 114,
          "name": "base_shirt"
        }
      ]
    },
    {
      "time": 498,
      "bones": [
        {
          "id": 2,
          "slotId": 20,
          "name": "base"
        },
        {
          "id": 15,
          "slotId": 111,
          "name": "base_shirt"
        }
      ]
    },
    {
      "time": 664,
      "bones": [
        {
          "id": 2,
          "slotId": 21,
          "name": "base"
        },
        {
          "id": 15,
          "slotId": 112,
          "name": "base_shirt"
        }
      ]
    },
    {
      "time": 830,
      "bones": [
        {
          "id": 2,
          "slotId": 24,
          "name": "base"
        },
        {
          "id": 15,
          "slotId": 115,
          "name": "base_shirt"
        }
      ]
    }
  ],
  "direction": "south",
  "actionId": 3
}