{
    "actions": {
        "2": "idle",
        "3": "run",
        "4": "walk",
        "5": "swing"
    },
    "id": "player",
    "name": "player",
    "boneNames": {},
    "actionIds": [
        2,
        3,
        4,
        5
    ],
    "directions": [
        "east",
        "west",
        "north",
        "south"
    ],
    "attachmentSlotIds": [
        2,
        4
    ],
    "atlasIds": [
        1,
        3
    ],
    "animationIds": [
        "2",
        "4",
        "5",
        "7",
        "9",
        "10",
        "11",
        "12",
        "14",
        "16",
        "17",
        "20",
        "21",
        "22",
        "23",
        "24"
    ],
    "setupData": {
        "frames": {
            "east": {
                "bones": [
                    {
                        "id": "2",
                        "slotId": 5
                    },
                    {
                        "id": "15",
                        "slotId": 63
                    }
                ]
            },
            "north": {
                "bones": [
                    {
                        "id": "2",
                        "slotId": 13
                    },
                    {
                        "id": "15",
                        "slotId": 65
                    }
                ]
            },
            "south": {
                "bones": [
                    {
                        "id": 2,
                        "slotId": 1
                    },
                    {
                        "id": "15",
                        "slotId": 66
                    }
                ]
            },
            "west": {
                "bones": [
                    {
                        "id": 2,
                        "slotId": 9
                    },
                    {
                        "id": "15",
                        "slotId": 64
                    }
                ]
            }
        },
        "bones": [
            {
                "name": "base",
                "id": 2
            },
            {
                "name": "right-arm",
                "id": 3,
                "parentBoneId": 2
            },
            {
                "name": "left-arm",
                "id": 4,
                "parentBoneId": 2
            },
            {
                "name": "right-hand",
                "id": 5,
                "parentBoneId": 3
            },
            {
                "name": "left-hand",
                "id": 6,
                "parentBoneId": 4
            },
            {
                "name": "tool",
                "id": 8
            },
            {
                "name": "sweat",
                "id": 10
            },
            {
                "name": "effect",
                "id": 11
            },
            {
                "name": "base_shirt",
                "id": 15
            },
            {
                "name": "hat",
                "id": 17,
                "parentBoneId": 2
            }
        ],
        "boneOrder": [
            2,
            15
        ]
    }
}