{
  "id": 18,
  "endTime": 1000,
  "frameData": [
    {
      "time": 0,
      "bones": [
        {
          "id": "2",
          "slotId": 42,
          "hide": false,
          "name": "base"
        }
      ]
    },
    {
      "time": 250,
      "bones": [
        {
          "id": "2",
          "slotId": 41,
          "y": 1,
          "name": "base"
        }
      ]
    },
    {
      "time": 500,
      "bones": [
        {
          "id": "2",
          "slotId": 42,
          "y": -1,
          "name": "base"
        }
      ]
    },
    {
      "time": 750,
      "bones": [
        {
          "id": "2",
          "slotId": 43,
          "name": "base"
        }
      ]
    }
  ],
  "direction": "south",
  "actionId": 5
}