{
  "id": 39,
  "endTime": "1050",
  "frameData": [
    {
      "time": 0,
      "bones": [
        {
          "id": "2",
          "slotId": 178,
          "hide": false,
          "name": "base"
        },
        {
          "id": "15",
          "slotId": 181,
          "hide": false
        }
      ],
      "boneOrder": [
        2,
        3,
        4,
        5,
        6,
        8,
        10,
        11,
        15,
        17,
        19
      ],
      "boneOrderNamed": [
        "base",
        "",
        "shirt",
        "sleeve",
        "",
        "",
        "",
        "",
        "",
        "",
        ""
      ]
    },
    {
      "time": 166,
      "bones": [
        {
          "id": "2",
          "slotId": 179,
          "name": "base"
        },
        {
          "id": "15",
          "slotId": 182
        }
      ]
    },
    {
      "time": 332,
      "bones": [
        {
          "id": "2",
          "slotId": 128,
          "name": "base"
        },
        {
          "id": "15",
          "slotId": 183
        }
      ]
    },
    {
      "time": 498,
      "bones": [
        {
          "id": "2",
          "slotId": 180,
          "name": "base"
        },
        {
          "id": 10,
          "slotId": 143,
          "hide": false,
          "scaleX": -2,
          "x": 27,
          "y": 8
        },
        {
          "id": "15",
          "slotId": 184
        }
      ]
    },
    {
      "time": 664,
      "bones": [
        {
          "id": 10,
          "scaleX": 0.5,
          "scaleY": -0.5,
          "x": -14,
          "y": 17,
          "rotation": -45
        }
      ]
    },
    {
      "time": 830,
      "bones": [
        {
          "id": 10,
          "hide": true
        }
      ]
    }
  ],
  "direction": "east",
  "actionId": 14
}