{"id":27,"endTime":390,"frameData":[{"time":0,"bones":[{"id":"2","slotId":49,"hide":false},{"id":15,"slotId":107,"hide":false},{"id":3,"slotId":null},{"id":8,"slotId":58,"hide":false,"x":37,"y":16},{"id":10,"slotId":null,"hide":true},{"id":11,"slotId":null,"hide":true},{"id":17,"slotId":null,"hide":false},{"id":19,"slotId":null,"hide":false}],"boneOrder":[2,15,3,4,5,6,8,10,11,17,19]},{"time":204,"bones":[{"id":"2","slotId":50},{"id":15,"slotId":125},{"id":8,"x":-26,"y":12,"rotation":-90},{"id":11,"slotId":62,"hide":false,"scaleX":-0.20000000000000007,"scaleY":-0.29999999999999993,"x":31,"y":41,"rotation":-170.43030303030324}]}],"direction":"south","actionId":"5"}