{"id":11,"endTime":1000,"frameData":[{"time":0,"bones":[{"id":2,"slotId":17,"hide":false},{"id":15,"slotId":108,"hide":false},{"id":8,"slotId":null,"hide":false},{"id":10,"slotId":null,"hide":false},{"id":11,"slotId":null,"hide":false},{"id":17,"slotId":null,"hide":false},{"id":19,"slotId":null,"hide":false}],"boneOrder":[2,15,3,4,5,6,8,10,11,17,19]},{"time":166,"bones":[{"id":2,"slotId":18},{"id":15,"slotId":109}]},{"time":332,"bones":[{"id":2,"slotId":19},{"id":15,"slotId":110}]},{"time":498,"bones":[{"id":2,"slotId":20},{"id":15,"slotId":111}]},{"time":664,"bones":[{"id":2,"slotId":21},{"id":15,"slotId":112}]},{"time":830,"bones":[{"id":2,"slotId":22},{"id":15,"slotId":113}]}],"direction":"south","actionId":4}