{"id":7,"endTime":"1500","frameData":[{"time":0,"bones":[{"id":"2","slotId":10,"hide":false},{"id":15,"slotId":73,"hide":false},{"id":8,"slotId":null,"hide":false},{"id":10,"slotId":null,"hide":false},{"id":11,"slotId":null,"hide":false},{"id":17,"slotId":null,"hide":false},{"id":19,"slotId":null,"hide":false}],"boneOrder":[2,15,3,4,5,6,8,10,11,17,19]},{"time":531,"bones":[{"id":"2","slotId":11},{"id":15,"slotId":74}]},{"time":663,"bones":[{"id":"2","slotId":12},{"id":15,"slotId":75}]},{"time":788,"bones":[{"id":"2","slotId":11},{"id":15,"slotId":74}]},{"time":921,"bones":[{"id":"2","slotId":12},{"id":15,"slotId":75}]},{"time":1065,"bones":[{"id":"2","slotId":11},{"id":15,"slotId":74}]},{"time":1200,"bones":[{"id":"2","slotId":12},{"id":15,"slotId":75}]},{"time":1350,"bones":[{"id":"2","slotId":11},{"id":15,"slotId":74}]}],"direction":"west","actionId":2}