{"id":40,"endTime":"1050","frameData":[{"time":0,"bones":[{"id":"2","slotId":185,"hide":false},{"id":"15","slotId":189,"hide":false}],"boneOrder":[2,3,4,5,6,8,10,11,15,17,19]},{"time":166,"bones":[{"id":"2","slotId":146},{"id":"15","slotId":190}]},{"time":332,"bones":[{"id":"2","slotId":186}]},{"time":498,"bones":[{"id":"2","slotId":56},{"id":8,"hide":true},{"id":10,"slotId":143,"hide":false,"scaleX":-2,"x":25,"y":14},{"id":11,"slotId":143,"hide":false,"x":34,"y":14},{"id":"15","slotId":123}]},{"time":664,"bones":[{"id":10,"scaleX":0.5,"scaleY":-0.5,"x":-10,"y":11,"rotation":-45},{"id":11,"scaleX":-0.5,"scaleY":-0.5,"x":9,"y":11,"rotation":45}]},{"time":830,"bones":[{"id":10,"hide":true},{"id":11,"hide":true}]}],"direction":"north","actionId":14}