{"id":42,"endTime":"1050","frameData":[{"time":0,"bones":[{"id":"2","slotId":193,"hide":false},{"id":"15","slotId":198,"hide":false}],"boneOrder":[2,3,4,5,6,8,10,11,15,17,19]},{"time":166,"bones":[{"id":"2","slotId":194},{"id":"15","slotId":199}]},{"time":332,"bones":[{"id":"2","slotId":195},{"id":"15","slotId":200}]},{"time":498,"bones":[{"id":"2","slotId":201},{"id":8,"hide":true},{"id":10,"slotId":143,"hide":false,"scaleX":-2,"x":27,"y":10},{"id":11,"slotId":143,"hide":false,"x":38,"y":10},{"id":"15","slotId":202}]},{"time":664,"bones":[{"id":10,"scaleX":0.5,"scaleY":-0.5,"x":-11,"y":13,"rotation":-45},{"id":11,"scaleX":-0.5,"scaleY":-0.5,"x":11,"y":13,"rotation":45}]},{"time":830,"bones":[{"id":10,"hide":true,"x":-1,"y":2},{"id":11,"hide":true,"x":-6,"y":2}]}],"direction":"south","actionId":14}