{"id":26,"endTime":390,"frameData":[{"time":0,"bones":[{"id":11,"slotId":null,"hide":true},{"id":8,"slotId":58,"hide":false,"x":26,"y":44,"rotation":-180},{"id":"2","slotId":56,"hide":false},{"id":15,"slotId":123,"hide":false},{"id":3,"slotId":null},{"id":10,"slotId":null,"hide":true},{"id":17,"slotId":null,"hide":false},{"id":19,"slotId":null,"hide":false}],"boneOrder":[11,8,2,15,3,4,5,6,10,17,19]},{"time":204,"bones":[{"id":11,"slotId":61,"hide":false,"x":24,"y":11},{"id":8,"x":13,"y":-26,"rotation":180},{"id":"2","slotId":55},{"id":15,"slotId":124}]}],"direction":"north","actionId":"5"}