{"id":25,"endTime":390,"frameData":[{"time":0,"bones":[{"id":"2","slotId":51,"hide":false},{"id":15,"slotId":116,"hide":false},{"id":8,"slotId":58,"hide":false,"scaleX":-2,"x":16,"y":31,"rotation":-90},{"id":3,"slotId":null},{"id":10,"slotId":null,"hide":true},{"id":11,"slotId":null,"hide":true},{"id":17,"slotId":null,"hide":false},{"id":19,"slotId":null,"hide":false}],"boneOrder":[2,15,8,3,4,5,6,10,11,17,19]},{"time":204,"bones":[{"id":8,"slotId":59,"scaleX":2,"x":19,"y":-17,"rotation":90},{"id":"2","slotId":52},{"id":15,"slotId":119},{"id":11,"slotId":60,"hide":false,"x":39,"y":24}],"boneOrder":[3,8,2,15,4,5,6,10,11,17,19]}],"direction":"east","actionId":"5"}