{"id":31,"endTime":1000,"frameData":[{"time":0,"bones":[{"id":2,"slotId":127,"hide":false},{"id":"15","slotId":67,"hide":false},{"id":8,"slotId":144,"hide":false,"x":8,"y":-2},{"id":10,"slotId":143,"hide":true,"x":35,"y":6},{"id":11,"slotId":143,"hide":true,"scaleX":-2,"x":26,"y":6},{"id":19,"slotId":null,"hide":false}],"boneOrder":[2,15,3,4,5,6,8,10,11,17,19]},{"time":333,"bones":[{"id":2,"slotId":145},{"id":"15","slotId":149},{"id":8,"slotId":148,"x":8,"y":4}]},{"time":666,"bones":[{"id":2,"slotId":147},{"id":"15","slotId":150},{"id":8,"slotId":151,"x":14,"y":25},{"id":10,"scaleX":-0.5,"scaleY":-0.5,"x":12,"y":14,"rotation":45},{"id":11,"scaleX":0.5,"scaleY":-0.5,"x":-9,"y":15,"rotation":-45}]}],"direction":"south","actionId":7}