{"id":4,"endTime":"1500","frameData":[{"time":0,"bones":[{"id":"2","slotId":14,"hide":false},{"id":15,"slotId":76,"hide":false},{"id":8,"slotId":null,"hide":true},{"id":10,"slotId":null,"hide":true},{"id":11,"slotId":null,"hide":true},{"id":17,"slotId":null,"hide":false},{"id":19,"slotId":null,"hide":false}],"boneOrder":[2,15,3,4,5,6,8,10,11,17,19]},{"time":663,"bones":[{"id":"2","slotId":15},{"id":15,"slotId":77},{"id":8,"hide":false},{"id":10,"hide":false},{"id":11,"hide":false}]},{"time":788,"bones":[{"id":"2","slotId":16},{"id":15,"slotId":78}]},{"time":921,"bones":[{"id":"2","slotId":15},{"id":15,"slotId":77}]},{"time":1065,"bones":[{"id":"2","slotId":16},{"id":15,"slotId":78}]},{"time":1200,"bones":[{"id":"2","slotId":15},{"id":15,"slotId":77}]},{"time":1350,"bones":[{"id":"2","slotId":16},{"id":15,"slotId":78}]}],"direction":"north","actionId":2}