{"id":12,"endTime":1000,"frameData":[{"time":0,"bones":[{"id":2,"slotId":33,"hide":false},{"id":15,"slotId":90,"hide":false},{"id":8,"slotId":null,"hide":false},{"id":10,"slotId":null,"hide":false},{"id":11,"slotId":null,"hide":false},{"id":17,"slotId":null,"hide":false},{"id":19,"slotId":null,"hide":false}],"boneOrder":[2,15,3,4,5,6,8,10,11,17,19]},{"time":166,"bones":[{"id":2,"slotId":34},{"id":15,"slotId":91}]},{"time":332,"bones":[{"id":2,"slotId":35},{"id":15,"slotId":92}]},{"time":498,"bones":[{"id":2,"slotId":36},{"id":15,"slotId":93}]},{"time":664,"bones":[{"id":2,"slotId":37},{"id":15,"slotId":94}]},{"time":830,"bones":[{"id":2,"slotId":38},{"id":15,"slotId":95}]}],"direction":"west","actionId":4}