{"id":32,"endTime":552,"frameData":[{"time":0,"bones":[{"id":8,"slotId":152,"hide":false,"x":16,"y":16},{"id":19,"slotId":153,"hide":false,"x":8,"y":41,"rotation":-90},{"id":2,"slotId":127,"hide":false},{"id":"15","slotId":67,"hide":false},{"id":10,"slotId":143,"hide":false,"x":35,"y":6},{"id":11,"slotId":143,"hide":false,"scaleX":-2,"x":26,"y":6}],"boneOrder":[8,19,2,15,3,4,5,6,10,11,17]},{"time":276,"bones":[{"id":19,"x":12,"y":3,"rotation":-35},{"id":10,"scaleX":-0.5,"scaleY":-0.5,"x":12,"y":14},{"id":11,"scaleX":0.5,"scaleY":-0.5,"x":-9,"y":15}]}],"direction":"south","actionId":8}