{"id":28,"endTime":390,"frameData":[{"time":0,"bones":[{"id":"2","slotId":53,"hide":false},{"id":15,"slotId":121,"hide":false},{"id":8,"slotId":58,"hide":false,"x":48,"y":31,"rotation":-270},{"id":3,"slotId":null},{"id":10,"slotId":null,"hide":true},{"id":11,"slotId":null,"hide":true},{"id":17,"slotId":null,"hide":false},{"id":19,"slotId":null,"hide":false}],"boneOrder":[2,15,8,3,4,5,6,10,11,17,19]},{"time":204,"bones":[{"id":8,"slotId":59,"scaleX":-2,"x":-18,"y":-17,"rotation":270},{"id":"2","slotId":54},{"id":15,"slotId":122},{"id":11,"slotId":60,"hide":false,"scaleX":-2,"x":25,"y":25}],"boneOrder":[8,3,2,15,4,5,6,10,11,17,19]}],"direction":"west","actionId":"5"}