{"id":5,"endTime":"1500","frameData":[{"time":0,"bones":[{"id":"2","slotId":2,"hide":false},{"id":8,"slotId":null,"hide":true},{"id":10,"slotId":null,"hide":true},{"id":11,"slotId":null,"hide":true},{"id":15,"slotId":79,"hide":false},{"id":17,"slotId":null,"hide":false},{"id":19,"slotId":null,"hide":false}],"boneOrder":[2,3,4,5,6,8,10,11,15,17,19]},{"time":663,"bones":[{"id":"2","slotId":3},{"id":8,"hide":false},{"id":10,"hide":false},{"id":11,"hide":false},{"id":15,"slotId":80}]},{"time":788,"bones":[{"id":"2","slotId":4},{"id":15,"slotId":81}]},{"time":921,"bones":[{"id":"2","slotId":3},{"id":15,"slotId":80}]},{"time":1065,"bones":[{"id":"2","slotId":4},{"id":15,"slotId":81}]},{"time":1200,"bones":[{"id":"2","slotId":3},{"id":15,"slotId":80}]},{"time":1350,"bones":[{"id":"2","slotId":4},{"id":15,"slotId":81}]}],"direction":"south","actionId":2}