{"id":38,"endTime":"1050","frameData":[{"time":0,"bones":[{"id":2,"slotId":171,"hide":false},{"id":"15","slotId":173,"hide":false}],"boneOrder":[2,3,4,5,6,8,10,11,15,17,19]},{"time":166,"bones":[{"id":2,"slotId":176},{"id":"15","slotId":174}]},{"time":332,"bones":[{"id":2,"slotId":177},{"id":"15","slotId":175}]},{"time":498,"bones":[{"id":2,"slotId":172},{"id":10,"slotId":143,"hide":false,"x":36,"y":8},{"id":"15","slotId":121}]},{"time":664,"bones":[{"id":10,"scaleX":-0.5,"scaleY":-0.5,"x":14,"y":17,"rotation":45}]},{"time":830,"bones":[{"id":10,"hide":true}]}],"direction":"west","actionId":14}