{"id":16,"endTime":1000,"frameData":[{"time":0,"bones":[{"id":"2","slotId":41,"hide":false},{"id":15,"slotId":99,"hide":false},{"id":8,"slotId":null,"hide":true},{"id":10,"slotId":null,"hide":true},{"id":11,"slotId":null,"hide":true},{"id":17,"slotId":null,"hide":false}],"boneOrder":[2,15,3,4,5,6,8,10,11,17]},{"time":166,"bones":[{"id":"2","slotId":42},{"id":15,"slotId":100},{"id":8,"hide":false},{"id":10,"hide":false},{"id":11,"hide":false}]},{"time":332,"bones":[{"id":"2","slotId":47},{"id":15,"slotId":106}]},{"time":498,"bones":[{"id":"2","slotId":44},{"id":15,"slotId":102}]},{"time":664,"bones":[{"id":"2","slotId":45},{"id":15,"slotId":103}]},{"time":830,"bones":[{"id":"2","slotId":47},{"id":15,"slotId":107}]}],"direction":"north","actionId":3}