{"id":24,"endTime":390,"frameData":[{"time":0,"bones":[{"id":"2","slotId":53,"hide":false},{"id":15,"slotId":121,"hide":false},{"id":3,"slotId":null},{"id":8,"slotId":null,"hide":false},{"id":10,"slotId":null,"hide":true},{"id":11,"slotId":null,"hide":true},{"id":17,"slotId":null,"hide":false}],"boneOrder":[2,15,3,8,4,5,6,10,11,17]},{"time":204,"bones":[{"id":"2","slotId":54},{"id":15,"slotId":122},{"id":10,"hide":false},{"id":11,"hide":false}],"boneOrder":[8,2,15,3,4,5,6,10,11,17]}],"direction":"west","actionId":5}