{"id":23,"endTime":390,"frameData":[{"time":0,"bones":[{"id":"2","slotId":49,"hide":false},{"id":15,"slotId":107,"hide":false},{"id":3,"slotId":null},{"id":8,"slotId":null,"hide":true},{"id":10,"slotId":null,"hide":true},{"id":11,"slotId":null,"hide":true},{"id":17,"slotId":null,"hide":false}],"boneOrder":[2,15,3,4,5,6,8,10,11,17]},{"time":204,"bones":[{"id":"2","slotId":50},{"id":15,"slotId":125},{"id":8,"hide":false},{"id":10,"hide":false},{"id":11,"hide":false}]}],"direction":"south","actionId":5}