{"id":14,"endTime":1000,"frameData":[{"time":0,"bones":[{"id":"2","slotId":25,"hide":false},{"id":15,"slotId":83,"hide":false},{"id":8,"slotId":null,"hide":true},{"id":10,"slotId":null,"hide":true},{"id":11,"slotId":null,"hide":true},{"id":17,"slotId":null,"hide":false}],"boneOrder":[2,15,3,4,5,6,8,10,11,17]},{"time":166,"bones":[{"id":"2","slotId":26},{"id":15,"slotId":84},{"id":8,"hide":false},{"id":10,"hide":false},{"id":11,"hide":false}]},{"time":332,"bones":[{"id":"2","slotId":31},{"id":15,"slotId":88}]},{"time":498,"bones":[{"id":"2","slotId":28},{"id":15,"slotId":85}]},{"time":664,"bones":[{"id":"2","slotId":29},{"id":15,"slotId":86}]},{"time":830,"bones":[{"id":"2","slotId":32},{"id":15,"slotId":89}]}],"direction":"east","actionId":3}