{"id":2,"endTime":"1500","frameData":[{"time":0,"bones":[{"id":"2","slotId":6,"hide":false},{"id":15,"slotId":69,"hide":false},{"id":8,"slotId":null,"hide":true},{"id":10,"slotId":null,"hide":true},{"id":11,"slotId":null,"hide":true},{"id":17,"slotId":null,"hide":false}],"boneOrder":[2,15,3,4,5,6,8,10,11,17]},{"time":531,"bones":[{"id":"2","slotId":7},{"id":15,"slotId":70},{"id":8,"hide":false},{"id":10,"hide":false},{"id":11,"hide":false}]},{"time":663,"bones":[{"id":"2","slotId":8},{"id":15,"slotId":71}]},{"time":788,"bones":[{"id":"2","slotId":7},{"id":15,"slotId":70}]},{"time":921,"bones":[{"id":"2","slotId":8},{"id":15,"slotId":71}]},{"time":1065,"bones":[{"id":"2","slotId":7},{"id":15,"slotId":70}]},{"time":1200,"bones":[{"id":"2","slotId":8},{"id":15,"slotId":71}]},{"time":1350,"bones":[{"id":"2","slotId":7},{"id":15,"slotId":70}]}],"direction":"east","actionId":2}