{"id":17,"endTime":1000,"frameData":[{"time":0,"bones":[{"id":2,"slotId":33,"hide":false},{"id":15,"slotId":90,"hide":false},{"id":8,"slotId":null,"hide":true},{"id":10,"slotId":null,"hide":true},{"id":11,"slotId":null,"hide":true},{"id":17,"slotId":null,"hide":false}],"boneOrder":[2,15,3,4,5,6,8,10,11,17]},{"time":166,"bones":[{"id":2,"slotId":34}]},{"time":332,"bones":[{"id":2,"slotId":39},{"id":15,"slotId":96}]},{"time":498,"bones":[{"id":2,"slotId":36},{"id":15,"slotId":93},{"id":8,"hide":false},{"id":10,"hide":false},{"id":11,"hide":false}]},{"time":664,"bones":[{"id":2,"slotId":37},{"id":15,"slotId":94}]},{"time":830,"bones":[{"id":2,"slotId":39},{"id":15,"slotId":97}]}],"direction":"west","actionId":3}