{"id":29,"endTime":"1500","frameData":[{"time":0,"bones":[{"id":"2","slotId":6,"hide":false},{"id":8,"slotId":null,"hide":true},{"id":10,"slotId":null,"hide":true},{"id":11,"slotId":null,"hide":true},{"id":"13","slotId":63,"hide":false},{"id":15,"slotId":null,"hide":false},{"id":17,"slotId":null,"hide":false}],"boneOrder":[2,3,4,5,6,8,10,11,13,15,17]},{"time":531,"bones":[{"id":"2","slotId":7},{"id":8,"hide":false},{"id":10,"hide":false},{"id":11,"hide":false}]},{"time":663,"bones":[{"id":"2","slotId":8}]},{"time":788,"bones":[{"id":"2","slotId":7}]},{"time":921,"bones":[{"id":"2","slotId":8}]},{"time":1065,"bones":[{"id":"2","slotId":7}]},{"time":1200,"bones":[{"id":"2","slotId":8}]},{"time":1350,"bones":[{"id":"2","slotId":7}]}],"direction":"east","actionId":"4"}