{"id":21,"endTime":390,"frameData":[{"time":0,"bones":[{"id":"2","slotId":51,"hide":false},{"id":15,"slotId":116,"hide":false},{"id":8,"slotId":null,"hide":false},{"id":3,"slotId":null},{"id":10,"slotId":null,"hide":true},{"id":11,"slotId":null,"hide":true},{"id":17,"slotId":null,"hide":false}],"boneOrder":[2,15,8,3,4,5,6,10,11,17]},{"time":204,"bones":[{"id":"2","slotId":52},{"id":15,"slotId":119},{"id":10,"hide":false},{"id":11,"hide":false}],"boneOrder":[8,2,15,3,4,5,6,10,11,17]}],"direction":"east","actionId":5}