{
    "id": 2,
    "name": "hatchet",
    "attachmentIds": [
        3
    ],
    "setupData": {
        "frames": {
            "east": {
                "boneOrder": [
                    2,
                    15,
                    3,
                    4,
                    5,
                    6,
                    10,
                    11,
                    8,
                    17
                ],
                "bones": [
                    {
                        "id": "2",
                        "slotId": 5
                    },
                    {
                        "id": "15",
                        "slotId": 63
                    }
                ]
            },
            "west": {
                "boneOrder": [
                    2,
                    15,
                    3,
                    4,
                    5,
                    6,
                    10,
                    11,
                    8,
                    17
                ],
                "bones": [
                    {
                        "id": 2,
                        "slotId": 9
                    },
                    {
                        "id": "15",
                        "slotId": 64
                    }
                ]
            },
            "north": {
                "boneOrder": [
                    2,
                    15,
                    3,
                    4,
                    5,
                    6,
                    8,
                    10,
                    11,
                    17
                ],
                "bones": [
                    {
                        "id": "2",
                        "slotId": 13
                    },
                    {
                        "id": "15",
                        "slotId": 65
                    }
                ]
            },
            "south": {
                "boneOrder": [
                    2,
                    15,
                    3,
                    4,
                    5,
                    6,
                    8,
                    10,
                    11,
                    17
                ],
                "bones": [
                    {
                        "id": 2,
                        "slotId": 1
                    },
                    {
                        "id": "15",
                        "slotId": 66
                    }
                ]
            }
        }
    }
}