{
    "id": 4,
    "name": "shirt",
    "attachmentIds": [
        5
    ],
    "setupData": {
        "frames": {
            "east": {
                "bones": [
                    {
                        "id": "2",
                        "slotId": 5
                    },
                    {
                        "id": "13",
                        "slotId": 63
                    }
                ]
            },
            "west": {
                "bones": [
                    {
                        "id": 2,
                        "slotId": 9
                    },
                    {
                        "id": "13",
                        "slotId": 64
                    }
                ]
            },
            "north": {
                "bones": [
                    {
                        "id": "2",
                        "slotId": 13
                    },
                    {
                        "id": "13",
                        "slotId": 65
                    }
                ]
            },
            "south": {
                "bones": [
                    {
                        "id": 2,
                        "slotId": 1
                    },
                    {
                        "id": "13",
                        "slotId": 66
                    }
                ]
            }
        },
        "bones": [
            {
                "name": "shirt",
                "id": 13,
                "parentAttachmentId": "4"
            }
        ],
        "boneOrder": [
            2,
            3,
            4,
            5,
            6,
            8,
            10,
            11,
            13
        ]
    },
    "boneNames": {
        "13": "shirt"
    }
}