{
    "actions": {
        "2": "walk",
        "3": "walk_net",
        "4": "swing_net"
    },
    "id": "player",
    "name": "player",
    "boneNames": {},
    "actionIds": [
        2,
        3,
        4
    ],
    "directions": [
        "west",
        "east",
        "north",
        "south"
    ],
    "attachmentSlotIds": [],
    "atlasIds": [
        1
    ],
    "animationIds": [
        "2",
        "3",
        "5",
        "6",
        "8",
        "9",
        "10",
        "11",
        "14",
        "15",
        "16",
        "17"
    ],
    "setupData": {
        "frames": {
            "east": {
                "bones": [
                    {
                        "id": "2",
                        "slotId": 7
                    }
                ]
            },
            "north": {
                "bones": [
                    {
                        "id": "2",
                        "slotId": 5
                    }
                ]
            },
            "south": {
                "bones": [
                    {
                        "id": "2",
                        "slotId": 2
                    }
                ]
            },
            "west": {
                "bones": [
                    {
                        "id": "2",
                        "slotId": 7
                    }
                ]
            }
        },
        "bones": [
            {
                "name": "base",
                "id": 2
            }
        ],
        "boneOrder": [
            2
        ]
    }
}