{
  "id": 12,
  "endTime": 1000,
  "frameData": [
    {
      "time": 0,
      "bones": [
        {
          "id": 2,
          "slotId": 33,
          "hide": false,
          "name": "base"
        },
        {
          "id": 15,
          "slotId": 90,
          "hide": false,
          "name": "base_shirt"
        },
        {
          "id": 8,
          "slotId": null,
          "hide": false,
          "name": "tool"
        },
        {
          "id": 10,
          "slotId": null,
          "hide": false,
          "name": "sweat"
        },
        {
          "id": 11,
          "slotId": null,
          "hide": false,
          "name": "effect"
        },
        {
          "id": 17,
          "slotId": null,
          "hide": false,
          "name": "hat"
        }
      ],
      "boneOrder": [
        2,
        15,
        3,
        4,
        5,
        6,
        8,
        10,
        11,
        17
      ],
      "boneOrderNamed": [
        "base",
        "base_shirt",
        "right-arm",
        "left-arm",
        "right-hand",
        "left-hand",
        "tool",
        "sweat",
        "effect",
        "hat"
      ]
    },
    {
      "time": 166,
      "bones": [
        {
          "id": 2,
          "slotId": 34,
          "name": "base"
        },
        {
          "id": 15,
          "slotId": 91,
          "name": "base_shirt"
        }
      ]
    },
    {
      "time": 332,
      "bones": [
        {
          "id": 2,
          "slotId": 35,
          "name": "base"
        },
        {
          "id": 15,
          "slotId": 92,
          "name": "base_shirt"
        }
      ]
    },
    {
      "time": 498,
      "bones": [
        {
          "id": 2,
          "slotId": 36,
          "name": "base"
        },
        {
          "id": 15,
          "slotId": 93,
          "name": "base_shirt"
        }
      ]
    },
    {
      "time": 664,
      "bones": [
        {
          "id": 2,
          "slotId": 37,
          "name": "base"
        },
        {
          "id": 15,
          "slotId": 94,
          "name": "base_shirt"
        }
      ]
    },
    {
      "time": 830,
      "bones": [
        {
          "id": 2,
          "slotId": 38,
          "name": "base"
        },
        {
          "id": 15,
          "slotId": 95,
          "name": "base_shirt"
        }
      ]
    }
  ],
  "direction": "west",
  "actionId": 4
}