{
  "id": 26,
  "endTime": 390,
  "frameData": [
    {
      "time": 0,
      "bones": [
        {
          "id": 11,
          "slotId": null,
          "hide": true,
          "name": "effect"
        },
        {
          "id": 8,
          "slotId": 58,
          "hide": false,
          "x": 26,
          "y": 44,
          "rotation": -180,
          "name": "tool"
        },
        {
          "id": "2",
          "slotId": 56,
          "hide": false,
          "name": "base"
        },
        {
          "id": 15,
          "slotId": 123,
          "hide": false,
          "name": "base_shirt"
        },
        {
          "id": 3,
          "slotId": null,
          "name": "right-arm"
        },
        {
          "id": 10,
          "slotId": null,
          "hide": true,
          "name": "sweat"
        },
        {
          "id": 17,
          "slotId": null,
          "hide": false,
          "name": "hat"
        }
      ],
      "boneOrder": [
        11,
        8,
        2,
        15,
        3,
        4,
        5,
        6,
        10,
        17
      ],
      "boneOrderNamed": [
        "effect",
        "tool",
        "base",
        "base_shirt",
        "right-arm",
        "left-arm",
        "right-hand",
        "left-hand",
        "sweat",
        "hat"
      ]
    },
    {
      "time": 204,
      "bones": [
        {
          "id": 11,
          "slotId": 61,
          "hide": false,
          "x": 24,
          "y": 11,
          "name": "effect"
        },
        {
          "id": 8,
          "x": 13,
          "y": -26,
          "rotation": 180,
          "name": "tool"
        },
        {
          "id": "2",
          "slotId": 55,
          "name": "base"
        },
        {
          "id": 15,
          "slotId": 124,
          "name": "base_shirt"
        }
      ]
    }
  ],
  "direction": "north",
  "actionId": "5"
}