{"id":2,"name":"tools","slots":{"58":{"rect":[226,355,15,13],"tags":["preview"]},"59":{"rect":[214,355,10,14]},"60":{"rect":[27,1,16,10]},"61":{"rect":[1,1,24,12]},"62":{"rect":[107,1,25,17]},"143":{"rect":[448,56,17,17]},"144":{"rect":[1,218,26,29]},"148":{"rect":[29,218,26,23]},"151":{"rect":[2,143,10,11],"cuids":[2]},"152":{"rect":[8,241,14,16]},"153":{"rect":[63,327,21,20]},"154":{"rect":[37,284,16,20]},"155":{"rect":[68,288,16,14]},"156":{"rect":[142,216,13,14]},"158":{"rect":[15,136,15,21],"cuids":[3]},"161":{"rect":[34,130,12,24],"cuids":[4]},"162":{"rect":[109,136,8,10]},"163":{"rect":[1,160,26,40]},"164":{"rect":[330,355,15,12]},"165":{"rect":[347,355,17,13]},"166":{"rect":[366,355,20,14]},"167":{"rect":[316,355,12,8]},"168":{"rect":[304,355,10,8]},"169":{"rect":[287,355,15,20]},"192":{"rect":[1,102,32,28]}},"colliders":{"2":{"cid":2,"tags":["poletip"],"shapeData":{"x":10,"y":7}},"3":{"cid":3,"tags":["poletip"],"shapeData":{"x":14,"y":5}},"4":{"cid":4,"tags":["poletip"],"shapeData":{"x":8,"y":6}}},"defaultSkinName":"","skins":[]}