{"id":1,"name":"base","slots":{"1":{"rect":[0,512,64,64]},"2":{"rect":[0,384,64,64]},"3":{"rect":[64,384,64,64]},"4":{"rect":[128,384,64,64]},"5":{"rect":[0,576,64,64]},"6":{"rect":[0,448,64,64]},"7":{"rect":[64,448,64,64]},"8":{"rect":[128,448,64,64]},"9":{"rect":[512,576,64,64]},"10":{"rect":[512,448,64,64]},"11":{"rect":[576,448,64,64]},"12":{"rect":[640,448,64,64]},"13":{"rect":[512,512,64,64]},"14":{"rect":[512,384,64,64]},"15":{"rect":[576,384,64,64]},"16":{"rect":[640,384,64,64]},"17":{"rect":[0,640,64,64]},"18":{"rect":[64,640,64,64]},"19":{"rect":[128,640,64,64]},"20":{"rect":[192,640,64,64]},"21":{"rect":[256,640,64,64]},"22":{"rect":[320,640,64,64]},"23":{"rect":[384,640,64,64]},"24":{"rect":[448,640,64,64]},"25":{"rect":[0,704,64,64]},"26":{"rect":[64,704,64,64]},"27":{"rect":[128,704,64,64]},"28":{"rect":[192,704,64,64]},"29":{"rect":[256,704,64,64]},"30":{"rect":[320,704,64,64]},"31":{"rect":[384,704,64,64]},"32":{"rect":[448,704,64,64]},"33":{"rect":[512,704,64,64]},"34":{"rect":[576,704,64,64]},"35":{"rect":[640,704,64,64]},"36":{"rect":[704,704,64,64]},"37":{"rect":[768,704,64,64]},"38":{"rect":[832,704,64,64]},"39":{"rect":[896,704,64,64]},"40":{"rect":[960,704,64,64]},"41":{"rect":[512,640,64,64]},"42":{"rect":[576,640,64,64]},"43":{"rect":[640,640,64,64]},"44":{"rect":[704,640,64,64]},"45":{"rect":[768,640,64,64]},"46":{"rect":[832,640,64,64]},"47":{"rect":[896,640,64,64]},"48":{"rect":[960,640,64,64]},"49":{"rect":[448,64,64,64]},"50":{"rect":[256,0,64,64]},"51":{"rect":[960,0,64,64],"cuids":[13]},"52":{"rect":[0,64,64,64]},"53":{"rect":[320,64,64,64]},"54":{"rect":[384,64,64,64]},"55":{"rect":[640,0,64,64]},"56":{"rect":[576,0,64,64],"cuids":[18]},"57":{"rect":[0,192,64,64],"cuids":[9]},"126":{"rect":[704,320,64,64]},"127":{"rect":[0,0,64,64]},"128":{"rect":[0,320,64,64],"cuids":[14]},"131":{"rect":[704,320,64,64]},"132":{"rect":[724,343,23,49]},"133":{"rect":[721,305,29,37]},"142":{"rect":[128,0,64,64]},"145":{"rect":[64,0,64,64]},"146":{"rect":[0,128,64,64],"cuids":[17]},"147":{"rect":[384,192,64,64]},"157":{"rect":[448,192,64,64]},"159":{"rect":[512,192,64,64]},"170":{"rect":[0,256,64,64]},"171":{"rect":[192,320,64,64],"cuids":[5]},"172":{"rect":[576,256,64,64],"cuids":[6]},"176":{"rect":[256,320,64,64],"cuids":[7]},"177":{"rect":[320,320,64,64],"cuids":[8]},"178":{"rect":[896,256,64,64],"cuids":[10]},"179":{"rect":[960,256,64,64],"cuids":[11]},"180":{"rect":[192,256,64,64],"cuids":[12]},"185":{"rect":[960,64,64,64],"cuids":[15]},"186":{"rect":[64,128,64,64],"cuids":[16]},"193":{"rect":[512,64,64,64]},"194":{"rect":[576,64,64,64]},"195":{"rect":[640,64,64,64]},"201":{"rect":[576,192,64,64]}},"colliders":{"5":{"cid":5,"tags":["hand"],"shapeData":{"x":24,"y":36}},"6":{"cid":6,"tags":["hand"],"shapeData":{"x":36,"y":33}},"7":{"cid":7,"tags":["hand"],"shapeData":{"x":24,"y":35}},"8":{"cid":8,"tags":["hand"],"shapeData":{"x":24,"y":35}},"9":{"cid":9,"tags":["hand"],"shapeData":{"x":23,"y":43}},"10":{"cid":10,"tags":["hand"],"shapeData":{"x":40,"y":36}},"11":{"cid":11,"tags":["hand"],"shapeData":{"x":40,"y":35}},"12":{"cid":12,"tags":["hand"],"shapeData":{"x":28,"y":33}},"13":{"cid":13,"tags":["hand"],"shapeData":{"x":28,"y":33}},"14":{"cid":14,"tags":["hand"],"shapeData":{"x":40,"y":34}},"15":{"cid":15,"tags":null,"shapeData":{"x":32,"y":25}},"16":{"cid":16,"tags":null,"shapeData":{"x":32,"y":25}},"17":{"cid":17,"tags":["hand"],"shapeData":{"x":32,"y":25}},"18":{"cid":18,"tags":["hand"],"shapeData":{"x":24,"y":31}}},"defaultSkinName":"","skins":[]}